[
{
  "model": "foodcartapp.restaurant",
  "pk": 1,
  "fields": {
    "name": "Star Burger Арбат",
    "address": "Москва, ул. Новый Арбат, 15",
    "contact_phone": "+7 (967) 157-44-13"
  }
},
{
  "model": "foodcartapp.restaurant",
  "pk": 2,
  "fields": {
    "name": "Star Burger Цветной",
    "address": "Москва, Цветной бульвар, 11с2",
    "contact_phone": "+7 (929) 949-55-36"
  }
},
{
  "model": "foodcartapp.restaurant",
  "pk": 3,
  "fields": {
    "name": "Star Burger Европейский",
    "address": "Москва, пл. Киевского Вокзала, 2",
    "contact_phone": "+7 (929) 680-47-58"
  }
},
{
  "model": "foodcartapp.productcategory",
  "pk": 1,
  "fields": {
    "name": "Бургер"
  }
},
{
  "model": "foodcartapp.productcategory",
  "pk": 2,
  "fields": {
    "name": "Ролл"
  }
},
{
  "model": "foodcartapp.product",
  "pk": 1,
  "fields": {
    "name": "Стейкхаус",
    "category": 1,
    "price": "269.00",
    "image": "steak_mtzJHan.jpg",
    "special_status": false,
    "description": "Стейкхаус – это сочетание нашей фирменной, приготовленной на огне 100% говядины с ломтиками бекона и соусом «Барбекю», майонезом, листьями свежего салата, помидором и хрустящим луком на воздушной було"
  }
},
{
  "model": "foodcartapp.product",
  "pk": 2,
  "fields": {
    "name": "Лонг Чизбургер",
    "category": 1,
    "price": "219.00",
    "image": "long_chiz_DkrYvHW.jpg",
    "special_status": false,
    "description": "Лонг Чизбургер – эталон в коллекции чизбургеров! Два приготовленных на огне бифштекса с двумя ломтиками слегка расплавленного сыра, хрустящими огурчиками, рубленым луком, горчицей и кетчупом на длинно"
  }
},
{
  "model": "foodcartapp.product",
  "pk": 3,
  "fields": {
    "name": "Тройной Воппер",
    "category": 1,
    "price": "369.00",
    "image": "triple_vopper_G24eIZB.jpg",
    "special_status": false,
    "description": "ВОППЕР® — это вкуснейшая приготовленная на огне 100% говядина с сочными помидорами, свежим нарезанным листовым салатом, густым майонезом, хрустящими маринованными огурчиками и свежим луком на нежной б"
  }
},
{
  "model": "foodcartapp.product",
  "pk": 4,
  "fields": {
    "name": "Беконайзер",
    "category": 1,
    "price": "319.00",
    "image": "beconizer_XOYI8Xg.jpg",
    "special_status": false,
    "description": "Встречай самый внушительный бургер в коллекции Бургер Кинг. Много мяса, много бекона и много сыра - все, как ты любишь, и ничего лишнего!"
  }
},
{
  "model": "foodcartapp.product",
  "pk": 5,
  "fields": {
    "name": "Фиш Ролл",
    "category": 2,
    "price": "199.00",
    "image": "fish_roll_0BO7Bz0.jpg",
    "special_status": false,
    "description": "Наш новый ролл с аппетитной котлеткой из филе белой рыбы, с фирменным соусом, маринованными огурчиками и хрустящим салатом. Легкое рыбное удовольствие!"
  }
},
{
  "model": "foodcartapp.product",
  "pk": 6,
  "fields": {
    "name": "Шримп Ролл",
    "category": 2,
    "price": "209.00",
    "image": "shrimp_roll_u9vQ8lo.jpg",
    "special_status": false,
    "description": "Легкий ролл с нежными королевскими креветками в хрустящей панировке, свежий салат Айсберг и ломтик сыра в пшеничной лепешке под фирменным соусом «Кинг». Внимание! Блюдо содержит аллергены – морепродук"
  }
},
{
  "model": "foodcartapp.restaurantmenuitem",
  "pk": 1,
  "fields": {
    "restaurant": 3,
    "product": 1,
    "availability": true
  }
},
{
  "model": "foodcartapp.restaurantmenuitem",
  "pk": 2,
  "fields": {
    "restaurant": 3,
    "product": 2,
    "availability": true
  }
},
{
  "model": "foodcartapp.restaurantmenuitem",
  "pk": 3,
  "fields": {
    "restaurant": 3,
    "product": 3,
    "availability": true
  }
},
{
  "model": "foodcartapp.restaurantmenuitem",
  "pk": 4,
  "fields": {
    "restaurant": 3,
    "product": 4,
    "availability": true
  }
},
{
  "model": "foodcartapp.restaurantmenuitem",
  "pk": 5,
  "fields": {
    "restaurant": 3,
    "product": 5,
    "availability": true
  }
},
{
  "model": "foodcartapp.restaurantmenuitem",
  "pk": 6,
  "fields": {
    "restaurant": 3,
    "product": 6,
    "availability": true
  }
},
{
  "model": "foodcartapp.restaurantmenuitem",
  "pk": 7,
  "fields": {
    "restaurant": 2,
    "product": 1,
    "availability": true
  }
},
{
  "model": "foodcartapp.restaurantmenuitem",
  "pk": 8,
  "fields": {
    "restaurant": 2,
    "product": 2,
    "availability": true
  }
},
{
  "model": "foodcartapp.restaurantmenuitem",
  "pk": 9,
  "fields": {
    "restaurant": 2,
    "product": 3,
    "availability": true
  }
},
{
  "model": "foodcartapp.restaurantmenuitem",
  "pk": 10,
  "fields": {
    "restaurant": 2,
    "product": 4,
    "availability": true
  }
},
{
  "model": "foodcartapp.restaurantmenuitem",
  "pk": 11,
  "fields": {
    "restaurant": 2,
    "product": 5,
    "availability": true
  }
},
{
  "model": "foodcartapp.restaurantmenuitem",
  "pk": 12,
  "fields": {
    "restaurant": 2,
    "product": 6,
    "availability": true
  }
},
{
  "model": "foodcartapp.restaurantmenuitem",
  "pk": 13,
  "fields": {
    "restaurant": 1,
    "product": 1,
    "availability": true
  }
},
{
  "model": "foodcartapp.restaurantmenuitem",
  "pk": 14,
  "fields": {
    "restaurant": 1,
    "product": 2,
    "availability": true
  }
},
{
  "model": "foodcartapp.restaurantmenuitem",
  "pk": 15,
  "fields": {
    "restaurant": 1,
    "product": 3,
    "availability": true
  }
},
{
  "model": "foodcartapp.restaurantmenuitem",
  "pk": 16,
  "fields": {
    "restaurant": 1,
    "product": 4,
    "availability": true
  }
},
{
  "model": "foodcartapp.restaurantmenuitem",
  "pk": 17,
  "fields": {
    "restaurant": 1,
    "product": 5,
    "availability": true
  }
},
{
  "model": "foodcartapp.restaurantmenuitem",
  "pk": 18,
  "fields": {
    "restaurant": 1,
    "product": 6,
    "availability": true
  }
},
{
  "model": "foodcartapp.order",
  "pk": 17,
  "fields": {
    "firstname": "Василий",
    "lastname": "Васильевич",
    "phonenumber": "+79123456789",
    "address": "Лондон",
    "restaurant": null,
    "payment_method": "bank_card",
    "comment": "",
    "status": "done",
    "created_at": "2021-11-30T18:57:47Z",
    "called_at": null,
    "delivered_at": null
  }
},
{
  "model": "foodcartapp.order",
  "pk": 18,
  "fields": {
    "firstname": "Yura",
    "lastname": "Ivanov",
    "phonenumber": "+79111557153",
    "address": "Москва, Оружейный пер. 5",
    "restaurant": null,
    "payment_method": "not_set",
    "comment": "",
    "status": "waiting",
    "created_at": "2021-12-17T02:31:58.948Z",
    "called_at": null,
    "delivered_at": null
  }
},
{
  "model": "foodcartapp.orderitem",
  "pk": 28,
  "fields": {
    "order": 17,
    "product": 1,
    "quantity": 1,
    "price": "269.00"
  }
},
{
  "model": "foodcartapp.orderitem",
  "pk": 29,
  "fields": {
    "order": 17,
    "product": 3,
    "quantity": 1,
    "price": "369.00"
  }
},
{
  "model": "foodcartapp.orderitem",
  "pk": 30,
  "fields": {
    "order": 18,
    "product": 1,
    "quantity": 100,
    "price": "269.00"
  }
},
{
  "model": "foodcartapp.orderitem",
  "pk": 31,
  "fields": {
    "order": 18,
    "product": 2,
    "quantity": 5,
    "price": "219.00"
  }
},
{
  "model": "foodcartapp.orderitem",
  "pk": 32,
  "fields": {
    "order": 18,
    "product": 4,
    "quantity": 4,
    "price": "319.00"
  }
},
{
  "model": "foodcartapp.orderitem",
  "pk": 33,
  "fields": {
    "order": 18,
    "product": 6,
    "quantity": 4,
    "price": "209.00"
  }
},
{
  "model": "geo_places.address",
  "pk": 1,
  "fields": {
    "title": "Лондон",
    "lat": "51.5073510000000000",
    "lon": "-0.1276960000000000",
    "requested_at": "2021-12-17T02:25:54.913Z"
  }
},
{
  "model": "geo_places.address",
  "pk": 2,
  "fields": {
    "title": "Москва, ул. Новый Арбат, 15",
    "lat": "55.7521410000000000",
    "lon": "37.5924200000000000",
    "requested_at": "2021-12-17T02:25:55.150Z"
  }
},
{
  "model": "geo_places.address",
  "pk": 3,
  "fields": {
    "title": "Москва, Цветной бульвар, 11с2",
    "lat": "55.7700760000000000",
    "lon": "37.6204290000000000",
    "requested_at": "2021-12-17T02:25:55.416Z"
  }
},
{
  "model": "geo_places.address",
  "pk": 4,
  "fields": {
    "title": "Москва, пл. Киевского Вокзала, 2",
    "lat": "55.7446370000000000",
    "lon": "37.5660720000000000",
    "requested_at": "2021-12-17T02:25:55.607Z"
  }
},
{
  "model": "geo_places.address",
  "pk": 5,
  "fields": {
    "title": "Москва, Оружейный пер. 5",
    "lat": "55.7712970000000000",
    "lon": "37.5980160000000000",
    "requested_at": "2021-12-17T02:32:11.257Z"
  }
}
]
